"School Year","Sector","Learning Network","School Level","Enrolled School ID","Enrolled School Name","Building Capacity","Other Programs on Site","Total Enrollment","Total Catchment Size","# Students Attending Neighborhood School","Enrollment:Catchment Ratio","% Staying in Catchment (of Catchment)","% From Within Neighborhood (of Enrollment)"
"2020-2021","District","Network 13","High","1010","Bartram, John High School","1706","N","455","3493","396","0.13","11.34%","87.03%"
"2020-2021","District","Network 13","High","1020","West Philadelphia High School","965","N","373","1272","121","0.29","9.51%","32.44%"
"2020-2021","District","Innovation","High","1030","High School of the Future","859","N","755","0","0",,,"0.00%"
"2020-2021","District","Network 1","High","1050","Robeson, Paul High School","387","N","312","0","0",,,"0.00%"
"2020-2021","District","Network 13","High","1100","Sayre, William L. High School","882","N","393","2797","270","0.14","9.65%","68.70%"
"2020-2021","District","Network 10","Middle","1130","Tilden Middle School","1197","N","345","1657","288","0.21","17.38%","83.48%"
"2020-2021","District","Network 1","High","1190","Motivation High School","860","Y","396","0","0",,,"0.00%"
"2020-2021","District","Network 5","Elementary-Middle","1200","Barry, John Elementary School","894","Y","537","1306","396","0.41","30.32%","73.74%"
"2020-2021","District","Acceleration","Elementary-Middle","1230","Bryant, William C. School","894","Y","420","849","311","0.49","36.63%","74.05%"
"2020-2021","District","Network 12","Elementary","1250","Catharine, Joseph School","676","N","426","656","352","0.65","53.66%","82.63%"
"2020-2021","District","Network 12","Elementary-Middle","1260","Comegys, Benjamin B. School","596","N","414","1023","350","0.40","34.21%","84.54%"
"2020-2021","District","Network 2","Elementary-Middle","1280","Penn Alexander School","542","N","577","709","567","0.81","79.97%","98.27%"
"2020-2021","District","Network 2","Elementary-Middle","1290","Hamilton, Andrew School","696","N","426","566","219","0.75","38.69%","51.41%"
"2020-2021","District","Network 12","Elementary-Middle","1300","Harrington, Avery D. School","616","N","395","864","229","0.46","26.50%","57.97%"
"2020-2021","District","Network 2","Elementary-Middle","1340","Lea, Henry C.","716","Y","468","341","191","1.37","56.01%","40.81%"
"2020-2021","District","Network 10","Elementary-Middle","1350","Longstreth, William C. School","735","Y","293","757","227","0.39","29.99%","77.47%"
"2020-2021","District","Network 5","Elementary-Middle","1360","McMichael, Morton School","874","Y","298","559","189","0.53","33.81%","63.42%"
"2020-2021","District","Network 5","Elementary-Middle","1370","Mitchell Elementary School","696","N","435","928","343","0.47","36.96%","78.85%"
"2020-2021","District","Network 11","Elementary","1380","Morton, Thomas G. School","795","N","454","920","404","0.49","43.91%","88.99%"
"2020-2021","District","Network 2","Elementary","1390","Powel, Samuel School","199","N","229","148","95","1.55","64.19%","41.48%"
"2020-2021","District","Network 10","Elementary","1400","Patterson, John M. School","696","Y","374","917","323","0.41","35.22%","86.36%"
"2020-2021","District","Acceleration","Elementary-Middle","1410","Rhoads, James School","676","N","438","828","309","0.53","37.32%","70.55%"
"2020-2021","District","Network 2","Elementary-Middle","1420","Washington, Martha School","815","N","259","204","78","1.27","38.24%","30.12%"
"2020-2021","District","Network 10","Elementary-Middle","1440","Penrose School","1140","N","428","685","283","0.62","41.31%","66.12%"
"2020-2021","District","Acceleration","Elementary-Middle","1460","Anderson, Add B. School","616","Y","461","845","315","0.55","37.28%","68.33%"
"2020-2021","District","Network 2","Elementary-Middle","1470","Locke, Alain School","676","N","382","777","269","0.49","34.62%","70.42%"
"2020-2021","District","Acceleration","Elementary-Middle","1490","Blankenburg, Rudolph School","596","Y","343","833","210","0.41","25.21%","61.22%"
"2020-2021","District","Network 2","Middle","1580","MYA-Middle Years Alternative","1000","Y","266","0","0",,,"0.00%"
"2020-2021","District","Network 13","High","2000","South Philadelphia H.S.","2498","Y","624","2258","277","0.28","12.27%","44.39%"
"2020-2021","District","Network 4","High","2010","Franklin, Benjamin High School","1464","Y","461","1242","97","0.37","7.81%","21.04%"
"2020-2021","District","Network 1","High","2020","Creative and Performing Arts","890","N","743","0","0",,,"0.00%"
"2020-2021","District","Innovation","Middle","2050","Science Leadership Academy MS","360","N","355","105","46","3.38","43.81%","12.96%"
"2020-2021","District","Network 1","Middle-High","2140","Masterman, Julia R. High School","1200","N","1202","0","0",,,"0.00%"
"2020-2021","District","Network 13","High","2160","Furness, Horace High School","1240","N","694","1480","319","0.47","21.55%","45.97%"
"2020-2021","District","Network 10","Elementary-Middle","2190","Fell, D. Newlin School","556","N","543","1119","364","0.49","32.53%","67.03%"
"2020-2021","District","Network 12","Elementary-Middle","2210","Bache-Martin School","894","Y","476","349","235","1.36","67.34%","49.37%"
"2020-2021","District","Network 2","Elementary-Middle","2240","Bregy, F. Amedee School","616","Y","299","461","22","0.65","4.77%","7.36%"
"2020-2021","District","Network 10","Elementary-Middle","2260","Childs, George W. School","1176","Y","490","653","310","0.75","47.47%","63.27%"
"2020-2021","District","Network 1","High","2290","Franklin Learning Center","963","N","861","0","0",,,"0.00%"
"2020-2021","Alternative","Opportunity","Middle-High","2310","Camelot Academy","504","N","32","0","0",,,"0.00%"
"2020-2021","District","Network 2","Elementary","2320","Girard, Stephen School","497","N","365","864","304","0.42","35.19%","83.29%"
"2020-2021","District","Network 3","Elementary-Middle","2340","McCall, Gen. George A. School","596","N","686","842","641","0.81","76.13%","93.44%"
"2020-2021","District","Acceleration","Elementary-Middle","2370","McDaniel, Delaplaine School","914","N","304","911","228","0.33","25.03%","75.00%"
"2020-2021","District","Network 3","Elementary-Middle","2380","Meredith, William M. School","477","N","550","579","484","0.95","83.59%","88.00%"
"2020-2021","District","Network 3","Elementary-Middle","2390","Morris, Robert School","795","N","209","500","159","0.42","31.80%","76.08%"
"2020-2021","District","Network 1","Middle-High","2410","Girard Academic Music Program","616","N","616","0","0",,,"0.00%"
"2020-2021","District","Network 10","Elementary-Middle","2450","Stanton, Edwin M. School","437","Y","308","467","191","0.66","40.90%","62.01%"
"2020-2021","District","Network 3","Elementary-Middle","2470","Greenfield, Albert M. School","676","N","664","592","515","1.12","86.99%","77.56%"
"2020-2021","District","Network 10","Elementary-Middle","2480","Arthur, Chester A. School","417","N","284","282","170","1.01","60.28%","59.86%"
"2020-2021","District","Network 3","Elementary-Middle","2490","Waring, Laura W. School","417","N","255","291","145","0.88","49.83%","56.86%"
"2020-2021","District","Network 10","Elementary-Middle","2510","Jackson, Andrew School","517","Y","537","680","423","0.79","62.21%","78.77%"
"2020-2021","District","Network 10","Elementary","2520","Jenks, Abram School","318","N","265","214","95","1.24","44.39%","35.85%"
"2020-2021","Alternative","Innovation","Middle-High","2530","Phila Juv Justice Svcs Ctr",,,"130","0","0",,,"0.00%"
"2020-2021","District","Network 10","Elementary","2540","Key, Francis Scott School","556","N","419","706","296","0.59","41.93%","70.64%"
"2020-2021","District","Network 10","Elementary-Middle","2580","Kirkbride, Eliza B. School","636","Y","518","623","386","0.83","61.96%","74.52%"
"2020-2021","District","Network 3","Elementary-Middle","2590","Nebinger, George W. School","517","Y","502","446","268","1.13","60.09%","53.39%"
"2020-2021","District","Network 1","High","2620","Academy at Palumbo","1067","N","1101","0","0",,,"0.00%"
"2020-2021","District","Network 10","Elementary-Middle","2630","Sharswood, George School","596","Y","405","444","149","0.91","33.56%","36.79%"
"2020-2021","District","Network 10","Elementary-Middle","2640","Southwark School","815","Y","917","972","498","0.94","51.23%","54.31%"
"2020-2021","District","Innovation","High","2650","Science Leadership Academy","1464","Y","504","0","0",,,"0.00%"
"2020-2021","District","Network 1","High","2670","Constitution High School","400","N","398","0","0",,,"0.00%"
"2020-2021","District","Innovation","Middle-High","2680","Science Leadership Academy at Beeber","900","N","669","0","0",,,"0.00%"
"2020-2021","District","Network 3","Elementary-Middle","2690","Taggart, John H. School","616","Y","470","855","353","0.55","41.29%","75.11%"
"2020-2021","District","Network 3","Elementary-Middle","2720","Vare-Washington Elementary","596","Y","349","564","217","0.62","38.48%","62.18%"
"2020-2021","Alternative","Opportunity","Middle","3040","Excel Middle Years Academy",,,"55","0","0",,,"0.00%"
"2020-2021","Alternative","Innovation","Elementary","3190","Crossroads at Hunting Park","446","Y","33","0","0",,,"0.00%"
"2020-2021","Alternative","Opportunity","High","3240","Liguori Academy-Fortis",,,"99","0","0",,,"0.00%"
"2020-2021","Alternative","Opportunity","High","3290","Excel Academy South",,,"373","0","0",,,"0.00%"
"2020-2021","Charter","Charters","Elementary-Middle-High","3301","Community Academy Of Phila",,,"1240","0","0",,,"0.00%"
"2020-2021","Charter","Charters","Elementary-Middle","3302","Harambee Institute Of Science",,,"569","0","0",,,"0.00%"
"2020-2021","Charter","Charters","High","3304","Youthbuild Phila. Charter",,,"177","0","0",,,"0.00%"
"2020-2021","Charter","Charters","Elementary-Middle","3306","Columbus, Christopher Charter",,,"922","0","0",,,"0.00%"
"2020-2021","Charter","Charters","Elementary-Middle","3307","De Hostos Charter School",,,"507","0","0",,,"0.00%"
"2020-2021","Charter","Charters","Elementary","3308","Inquiry Charter School",,,"269","0","0",,,"0.00%"
"2020-2021","Charter","Charters","High","3309","Imhotep Charter School",,,"603","0","0",,,"0.00%"
"2020-2021","Charter","Charters","Elementary-Middle","3310","Lab Sch of Communication & Lang",,,"774","0","0",,,"0.00%"
"2020-2021","Charter","Charters","High","3312","Multicultural Academy",,,"282","0","0",,,"0.00%"
"2020-2021","Charter","Charters","High","3313","Preparatory Charter School",,,"630","0","0",,,"0.00%"
"2020-2021","Charter","Charters","Elementary-Middle","3314","West Oak Lane Charter School",,,"1067","0","0",,,"0.00%"
"2020-2021","Charter","Charters","Elementary-Middle","3315","Alliance For Progress Charter",,,"542","0","0",,,"0.00%"
"2020-2021","Charter","Charters","Middle-High","3318","Freire Charter School",,,"1015","0","0",,,"0.00%"
"2020-2021","Charter","Charters","Elementary-Middle-High","3321","Math, Civics And Sciences",,,"1016","0","0",,,"0.00%"
"2020-2021","Charter","Charters","Elementary-Middle-High","3322","Philadelphia Academy",,,"1106","0","0",,,"0.00%"
"2020-2021","Charter","Charters","Elementary-Middle-High","3323","Mastery Charter at Hardy Williams","1071","N","1213","0","0",,,"0.00%"
"2020-2021","Charter","Charters","Elementary-Middle","3326","Universal Institute",,,"641","0","0",,,"0.00%"
"2020-2021","Charter","Charters","Elementary-Middle-High","3328","Math, Science And Technology",,,"1482","0","0",,,"0.00%"
"2020-2021","Charter","Charters","Middle","3329","Young Scholars Charter School",,,"297","0","0",,,"0.00%"
"2020-2021","Charter","Charters","High","3331","Franklin Towne Charter School",,,"1230","0","0",,,"0.00%"
"2020-2021","Charter","Charters","Elementary-Middle-High","3332","Bracetti, Mariana Academy",,,"1495","0","0",,,"0.00%"
"2020-2021","Charter","Charters","Elementary-Middle-High","3333","Esperanza Academy Charter School",,,"1659","0","0",,,"0.00%"
"2020-2021","Charter","Charters","Elementary-Middle-High","3334","New Foundations Charter School",,,"1506","0","0",,,"0.00%"
"2020-2021","Charter","Charters","Elementary-Middle-High","3335","People For People",,,"557","0","0",,,"0.00%"
"2020-2021","Charter","Charters","Elementary-Middle-High","3336","Phila Performing Arts: A String Theory",,,"2627","0","0",,,"0.00%"
"2020-2021","Charter","Charters","Elementary-Middle","3337","Global Leadership Academy",,,"690","0","0",,,"0.00%"
"2020-2021","Charter","Charters","Elementary-Middle","3341","Independence Charter School",,,"815","0","0",,,"0.00%"
"2020-2021","Charter","Charters","High","3353","KIPP DuBois Charter School",,,"531","0","0",,,"0.00%"
"2020-2021","Charter","Charters","Elementary","3357","West Phila Achievement",,,"672","0","0",,,"0.00%"
"2020-2021","Charter","Charters","High","3358","Phila Electrical & Technology",,,"646","0","0",,,"0.00%"
"2020-2021","Charter","Charters","Middle","3359","Allen, Richard Prep",,,"441","0","0",,,"0.00%"
"2020-2021","Charter","Charters","Elementary-Middle","3360","Byers, Russell Charter",,,"723","0","0",,,"0.00%"
"2020-2021","Charter","Charters","Middle-High","3361","Mastery Charter at Lenfest",,,"617","0","0",,,"0.00%"
"2020-2021","Charter","Charters","Elementary-Middle","3362","Wissahickon Charter School",,,"989","0","0",,,"0.00%"
"2020-2021","Charter","Charters","Elementary-Middle-High","3364","First Phila Prep",,,"1884","0","0",,,"0.00%"
"2020-2021","Charter","Charters","Elementary-Middle","3365","Green Woods Charter School",,,"690","0","0",,,"0.00%"
"2020-2021","Charter","Charters","Elementary-Middle-High","3366","Maritime Academy Charter",,,"964","0","0",,,"0.00%"
"2020-2021","Charter","Charters","Elementary-Middle-High","3368","Belmont Elementary Charter","815","N","999","567","357","1.76","62.96%","35.74%"
"2020-2021","Charter","Charters","Elementary-Middle","3370","KIPP Charter School",,,"872","0","0",,,"0.00%"
"2020-2021","Charter","Charters","Elementary-Middle","3372","Discovery Charter School",,,"649","0","0",,,"0.00%"
"2020-2021","Charter","Charters","Elementary","3378","Philadelphia Montessori",,,"191","0","0",,,"0.00%"
"2020-2021","Charter","Charters","Elementary-Middle","3379","Ad Prima Charter School",,,"676","0","0",,,"0.00%"
"2020-2021","Charter","Charters","Middle-High","3383","Mastery Charter at Shoemaker","819","N","770","0","0",,,"0.00%"
"2020-2021","Charter","Charters","Elementary-Middle","3384","Folk Arts-Cultural Treasures",,,"491","0","0",,,"0.00%"
"2020-2021","Charter","Charters","Elementary-Middle-High","3385","Mastery Charter at Thomas","567","N","1298","0","0",,,"0.00%"
"2020-2021","Charter","Charters","Elementary-Middle","3386","Northwood Charter School",,,"790","0","0",,,"0.00%"
"2020-2021","Charter","Charters","Middle-High","3388","Boys Latin of Phila Charter",,,"851","0","0",,,"0.00%"
"2020-2021","Charter","Charters","Elementary-Middle","3389","Keystone Academy Charter",,,"651","0","0",,,"0.00%"
"2020-2021","Charter","Charters","Elementary-Middle","3392","Southwest Leadership Academy",,,"749","0","0",,,"0.00%"
"2020-2021","Charter","Charters","Middle-High","3393","Mastery Charter at Pickett","1113","N","929","0","0",,,"0.00%"
"2020-2021","Charter","Charters","Elementary-Middle","3394","Pan American Academy Charter",,,"758","0","0",,,"0.00%"
"2020-2021","Charter","Charters","Elementary-Middle","3395","Pantoja, Antonia Charter School",,,"699","0","0",,,"0.00%"
"2020-2021","Charter","Charters","Middle","3396","KIPP West Phila Prep Charter","860","Y","367","0","0",,,"0.00%"
"2020-2021","Charter","Charters","Elementary-Middle-High","3399","Sankofa Freedom Academy",,,"658","0","0",,,"0.00%"
"2020-2021","Charter","Charters","Elementary-Middle","3403","Franklin Towne Elementary",,,"952","0","0",,,"0.00%"
"2020-2021","Charter","Charters","Elementary-Middle-High","3404","Tacony Academy Charter School",,,"1090","0","0",,,"0.00%"
"2020-2021","Charter","Charters","Middle","3406","Aspira Charter at Stetson","1031","N","862","967","561","0.89","58.01%","65.08%"
"2020-2021","Charter","Charters","Elementary-Middle","3407","Mastery Charter at Harrity","850","N","852","1324","575","0.64","43.43%","67.49%"
"2020-2021","Charter","Charters","Elementary","3408","Mastery Charter at Mann","555","N","544","810","396","0.67","48.89%","72.79%"
"2020-2021","Charter","Charters","Elementary","3409","Mastery Charter at Smedley","730","N","780","1044","511","0.75","48.95%","65.51%"
"2020-2021","Charter","Charters","Elementary","3410","Universal Charter Bluford","571","N","478","1159","364","0.41","31.41%","76.15%"
"2020-2021","Charter","Charters","Elementary-Middle","3411","Universal Charter Daroff","735","N","665","1073","368","0.62","34.30%","55.34%"
"2020-2021","Charter","Charters","Elementary-Middle","3412","Mastery Charter at Frederick Douglass","994","N","696","676","315","1.03","46.60%","45.26%"
"2020-2021","Charter","Charters","High","3414","Aspira Olney Charter High","2045","N","1771","2825","713","0.63","25.24%","40.26%"
"2020-2021","Charter","Charters","Elementary","3415","Mastery Charter at Clymer","546","N","475","509","238","0.93","46.76%","50.11%"
"2020-2021","Charter","Charters","Middle-High","3416","Mastery Charter at Gratz","1666","N","1324","2118","326","0.63","15.39%","24.62%"
"2020-2021","Charter","Charters","High","3417","Universal Charter Audenried","705","N","553","1385","159","0.40","11.48%","28.75%"
"2020-2021","Charter","Charters","Middle","3418","Universal Charter Vare","425","Y","227","798","158","0.28","19.80%","69.60%"
"2020-2021","Charter","Charters","Elementary-Middle","3419","Lindley Academy Charter at Birney","750","N","742","705","346","1.05","49.08%","46.63%"
"2020-2021","Charter","Charters","Elementary-Middle","3420","Mastery Charter at Cleveland","745","Y","715","995","451","0.72","45.33%","63.08%"
"2020-2021","Charter","Charters","Elementary-Middle","3421","Universal Charter Creighton","835","N","752","1061","593","0.71","55.89%","78.86%"
"2020-2021","Charter","Charters","Elementary-Middle","3422","Philadelphia Charter For Arts and Sciences","1015","N","1031","1639","827","0.63","50.46%","80.21%"
"2020-2021","Charter","Charters","Middle","3423","Memphis St. Charter at J.P. Jones","880","N","622","2066","551","0.30","26.67%","88.59%"
"2020-2021","Charter","Charters","Elementary-Middle","3424","Universal Charter Alcorn","620","N","523","1222","344","0.43","28.15%","65.77%"
"2020-2021","Charter","Charters","Elementary-Middle","3426","Mastery Charter at Pastorius","596","N","623","1171","435","0.53","37.15%","69.82%"
"2020-2021","Charter","Charters","Elementary","3427","Mastery Charter at Wister","516","Y","504","606","339","0.83","55.94%","67.26%"
"2020-2021","Charter","Charters","Elementary-Middle","3428","G.L.A. Charter at Huey","600","N","581","816","297","0.71","36.40%","51.12%"
"2020-2021","Charter","Charters","Elementary","3437","KIPP North Philadelphia Charter School",,,"401","0","0",,,"0.00%"
"2020-2021","Charter","Charters","Elementary","3438","Deep Roots Charter School",,,"366","0","0",,,"0.00%"
"2020-2021","Charter","Charters","Elementary","3439","Mastery Prep Elementary Charter School",,,"407","0","0",,,"0.00%"
"2020-2021","Charter","Charters","Elementary","3440","Mast Community Charter II",,,"1311","0","0",,,"0.00%"
"2020-2021","Charter","Charters","High","3441","TECH Freire Charter School",,,"527","0","0",,,"0.00%"
"2020-2021","Charter","Charters","Elementary","3442","Independence Charter West",,,"708","0","0",,,"0.00%"
"2020-2021","Charter","Charters","Elementary","3443","KIPP West Phila Charter School",,,"507","0","0",,,"0.00%"
"2020-2021","Charter","Charters","Elementary","3445","MAST III Charter School",,,"1017","0","0",,,"0.00%"
"2020-2021","Charter","Charters","Elementary","3446","Philadelphia Hebrew Charter",,,"272","0","0",,,"0.00%"
"2020-2021","Charter","Cyber Charter","Other","3464","Aspira Bilingual Cyber",,,"451","0","0",,,"0.00%"
"2020-2021","Charter","Cyber Charter","Other","3468","Esperanza Cyber",,,"494","0","0",,,"0.00%"
"2020-2021","Alternative","Opportunity","High","3510","El Centro (Big Picture)","596","N","221","0","0",,,"0.00%"
"2020-2021","Alternative","Opportunity","High","3540","Ombudsman Accelerated Northwest",,,"69","0","0",,,"0.00%"
"2020-2021","Alternative","Opportunity","High","3810","One Bright Ray - Elmwood Campus",,,"139","0","0",,,"0.00%"
"2020-2021","Alternative","Opportunity","Middle-High","3820","Camelot Academy East",,,"27","0","0",,,"0.00%"
"2020-2021","Alternative","Opportunity","High","3840","Philadelphia OIC Workforce Academy",,,"101","0","0",,,"0.00%"
"2020-2021","District","Network 13","High","4020","Overbrook High School","2446","N","450","3558","336","0.13","9.44%","74.67%"
"2020-2021","District","Network 1","Middle-High","4030","Engineering & Science High","948","N","918","0","0",,,"0.00%"
"2020-2021","District","Network 13","High","4060","Dobbins, Murrell High School","1200","N","988","0","0",,,"0.00%"
"2020-2021","District","Network 4","High","4140","Strawberry Mansion High School","1762","N","177","1888","120","0.09","6.36%","67.80%"
"2020-2021","District","Network 11","Elementary-Middle","4220","Blaine, James G. School","775","Y","376","509","259","0.74","50.88%","68.88%"
"2020-2021","District","Network 2","Elementary-Middle","4240","Cassidy, Lewis C Academics Plus","656","N","350","1053","226","0.33","21.46%","64.57%"
"2020-2021","District","Network 11","Elementary-Middle","4270","Dick, William School","596","N","426","839","327","0.51","38.97%","76.76%"
"2020-2021","District","Network 2","Elementary-Middle","4280","Gompers, Samuel School","537","N","266","302","124","0.88","41.06%","46.62%"
"2020-2021","District","Acceleration","Elementary-Middle","4300","Heston, Edward School","636","Y","381","1025","242","0.37","23.61%","63.52%"
"2020-2021","District","Network 2","Elementary-Middle","4320","Lamberton, Robert E Elementary","1323","N","410","669","263","0.61","39.31%","64.15%"
"2020-2021","District","Acceleration","Elementary-Middle","4350","Rhodes Elementary School","1386","N","482","1055","346","0.46","32.80%","71.78%"
"2020-2021","District","Network 11","Elementary-Middle","4360","Kenderton Elementary","795","N","446","559","246","0.80","44.01%","55.16%"
"2020-2021","District","Network 2","Elementary-Middle","4370","Overbrook Elementary School","437","N","209","411","158","0.51","38.44%","75.60%"
"2020-2021","District","Network 11","Elementary","4380","Peirce, Thomas M. School","656","N","286","649","229","0.44","35.29%","80.07%"
"2020-2021","District","Acceleration","Elementary-Middle","4440","Allen, Dr. Ethel School","676","Y","391","739","318","0.53","43.03%","81.33%"
"2020-2021","District","Network 11","Elementary-Middle","4460","Duckrey, Tanner School","676","N","537","941","358","0.57","38.04%","66.67%"
"2020-2021","District","Network 11","Elementary","4470","Wright, Richard R. School","636","Y","306","462","228","0.66","49.35%","74.51%"
"2020-2021","District","Network 2","Elementary-Middle","4480","Overbrook Educational Center","306","N","289","0","0",,,"0.00%"
"2020-2021","District","Network 11","Elementary-Middle","4530","Gideon, Edward School","596","N","207","302","129","0.69","42.72%","62.32%"
"2020-2021","District","Network 11","Elementary-Middle","4560","Kelley, William D. School","676","Y","295","428","210","0.69","49.07%","71.19%"
"2020-2021","District","Network 3","Elementary-Middle","4570","Meade, Gen. George G. School","894","Y","324","535","214","0.61","40.00%","66.05%"
"2020-2021","District","Network 13","High","5020","Edison, Thomas A. High School","2218","Y","1114","2993","620","0.37","20.72%","55.66%"
"2020-2021","Alternative","Opportunity","Other","5031","Student Transition-Delinquent",,,"17","0","0",,,"0.00%"
"2020-2021","Alternative","Opportunity","Other","5032","Student Transition-Dependent",,,"14","0","0",,,"0.00%"
"2020-2021","District","Innovation","High","5050","Philadelphia Military Academy","600","N","373","0","0",,,"0.00%"
"2020-2021","District","Network 4","High","5060","Mastbaum, Jules E. High School","1100","N","659","0","0",,,"0.00%"
"2020-2021","District","Network 4","High","5070","Parkway-Northwest High School","300","N","267","0","0",,,"0.00%"
"2020-2021","District","Network 1","High","5080","Parkway Center City Middle College High School","580","N","492","0","0",,,"0.00%"
"2020-2021","District","Network 13","High","5090","Parkway West High School","1000","Y","320","0","0",,,"0.00%"
"2020-2021","District","Network 1","High","5150","Bodine, William W. High School","639","N","628","0","0",,,"0.00%"
"2020-2021","District","Innovation","Middle-High","5160","Penn Treaty High School","1113","N","479","872","176","0.55","20.18%","36.74%"
"2020-2021","District","Network 3","Elementary-Middle","5170","De Burgos, J. Elementary","1093","N","760","616","411","1.23","66.72%","54.08%"
"2020-2021","District","Innovation","High","5180","Vaux High School","500","N","351","454","53","0.77","11.67%","15.10%"
"2020-2021","District","Network 3","Elementary-Middle","5200","Adaire, Alexander School","437","N","452","355","295","1.27","83.10%","65.27%"
"2020-2021","District","Network 5","Elementary-Middle","5210","Brown, Henry A. School","775","N","362","382","224","0.95","58.64%","61.88%"
"2020-2021","District","Network 9","Middle","5230","Conwell, Russell Middle School","483","N","308","0","0",,,"0.00%"
"2020-2021","District","Network 5","Elementary-Middle","5250","Dunbar, Paul L. School","477","N","262","311","166","0.84","53.38%","63.36%"
"2020-2021","District","Network 11","Elementary","5260","Elkin, Lewis School","1014","N","646","904","562","0.71","62.17%","87.00%"
"2020-2021","District","Network 5","Elementary","5300","Hackett, Horatio B. School","596","N","358","295","186","1.21","63.05%","51.96%"
"2020-2021","District","Network 5","Elementary-Middle","5320","Hartranft, John F. School","676","N","447","680","361","0.66","53.09%","80.76%"
"2020-2021","District","Network 5","Elementary-Middle","5330","Hunter, William H. School","696","Y","523","476","337","1.10","70.80%","64.44%"
"2020-2021","District","Network 3","Elementary-Middle","5340","Ludlow, James R. School","596","N","270","393","169","0.69","43.00%","62.59%"
"2020-2021","District","Network 12","Elementary-Middle","5350","McKinley, William School","596","Y","364","421","246","0.86","58.43%","67.58%"
"2020-2021","District","Network 3","Elementary","5370","Moffet, John School","417","N","260","251","177","1.04","70.52%","68.08%"
"2020-2021","District","Acceleration","Elementary-Middle","5390","Potter-Thomas School","616","N","478","712","384","0.67","53.93%","80.33%"
"2020-2021","District","Network 5","Elementary","5400","Richmond School","556","N","453","790","408","0.57","51.65%","90.07%"
"2020-2021","District","Network 3","Elementary","5410","Sheppard, Isaac A. School","378","N","173","204","120","0.85","58.82%","69.36%"
"2020-2021","District","Network 5","Elementary-Middle","5420","Welsh, John School","755","N","313","369","212","0.85","57.45%","67.73%"
"2020-2021","District","Network 12","Middle","5430","AMY 5 at James Martin","504","N","393","0","0",,,"0.00%"
"2020-2021","District","Network 5","Elementary","5440","Willard, Frances E. School","775","N","603","702","466","0.86","66.38%","77.28%"
"2020-2021","District","Network 11","Elementary","5470","Cramp, William School","755","Y","446","568","395","0.79","69.54%","88.57%"
"2020-2021","District","Network 3","Elementary-Middle","5480","Kearny, Gen. Philip School","417","N","272","361","188","0.75","52.08%","69.12%"
"2020-2021","District","Network 11","Elementary","5490","Cayuga School","517","N","374","479","281","0.78","58.66%","75.13%"
"2020-2021","District","Network 7","Elementary-Middle","5500","Marshall, Thurgood School","835","Y","651","615","373","1.06","60.65%","57.30%"
"2020-2021","District","Network 4","High","5520","Kensington CAPA","542","N","505","0","0",,,"0.00%"
"2020-2021","District","Network 5","Elementary","5530","Sheridan, Philip H. School","936","N","441","709","379","0.62","53.46%","85.94%"
"2020-2021","District","Network 4","High","5550","Kensington Health Sciences","337","N","467","0","0",,,"0.00%"
"2020-2021","District","Network 3","Elementary-Middle","5560","Spring Garden School","258","N","255","399","190","0.64","47.62%","74.51%"
"2020-2021","District","Network 5","Elementary","5590","Webster, John H. School","935","Y","560","924","481","0.61","52.06%","85.89%"
"2020-2021","District","Innovation","High","5610","Building 21","600","N","398","0","0",,,"0.00%"
"2020-2021","District","Innovation","High","5620","The U School","500","N","282","0","0",,,"0.00%"
"2020-2021","District","Innovation","High","5660","The LINC","1500","Y","250","0","0",,,"0.00%"
"2020-2021","District","Network 5","Elementary-Middle","5680","Munoz-Marin, Hon Luis School","934","Y","594","577","418","1.03","72.44%","70.37%"
"2020-2021","District","Network 4","High","5700","Kensington High School","929","N","482","3250","349","0.15","10.74%","72.41%"
"2020-2021","District","Network 1","High","6010","Central High School","2350","N","2419","0","0",,,"0.00%"
"2020-2021","District","Network 4","High","6030","Roxborough High School","1603","N","783","1799","240","0.44","13.34%","30.65%"
"2020-2021","District","Network 1","High","6040","Saul, Walter B. High School","740","N","528","0","0",,,"0.00%"
"2020-2021","District","Network 1","High","6050","Girls, Phila High School for","1500","N","835","0","0",,,"0.00%"
"2020-2021","District","Network 4","High","6060","King, Martin Luther High Sch.","2543","N","527","5802","427","0.09","7.36%","81.02%"
"2020-2021","District","Network 13","High","6090","Randolph Technical High School","580","N","457","0","0",,,"0.00%"
"2020-2021","District","Network 12","Elementary-Middle","6200","Day, Anna B. School","597","Y","390","549","237","0.71","43.17%","60.77%"
"2020-2021","District","Network 6","Elementary-Middle","6210","Edmonds, Franklin S. School","755","Y","507","822","413","0.62","50.24%","81.46%"
"2020-2021","District","Network 6","Elementary","6220","Emlen, Eleanor C. School","735","Y","299","540","246","0.55","45.56%","82.27%"
"2020-2021","District","Network 6","Elementary-Middle","6230","Fitler Academics Plus","378","N","241","0","0",,,"0.00%"
"2020-2021","District","Network 6","Elementary-Middle","6250","Henry, Charles W. School","596","N","489","374","281","1.31","75.13%","57.46%"
"2020-2021","District","Network 6","Elementary-Middle","6260","Houston, Henry H. School","656","N","367","410","180","0.90","43.90%","49.05%"
"2020-2021","District","Network 6","Elementary-Middle","6270","Jenks Academy Arts & Sciences","477","N","458","205","148","2.23","72.20%","32.31%"
"2020-2021","District","Network 6","Elementary","6300","Logan, James School","556","Y","262","371","194","0.71","52.29%","74.05%"
"2020-2021","District","Network 6","Elementary-Middle","6310","McCloskey, John F. School","497","N","331","381","221","0.87","58.01%","66.77%"
"2020-2021","District","Network 6","Elementary-Middle","6320","Mifflin, Thomas School","742","Y","348","380","182","0.92","47.89%","52.30%"
"2020-2021","District","Network 7","Elementary","6340","Pennell, Joseph Elementary","517","Y","332","519","245","0.64","47.21%","73.80%"
"2020-2021","District","Network 6","Elementary-Middle","6350","Pennypacker, Samuel School","636","Y","335","812","248","0.41","30.54%","74.03%"
"2020-2021","District","Acceleration","Elementary-Middle","6360","Roosevelt Elementary School","1050","N","477","2060","370","0.23","17.96%","77.57%"
"2020-2021","District","Network 6","Elementary-Middle","6380","Shawmont School","656","Y","451","813","377","0.55","46.37%","83.59%"
"2020-2021","District","Acceleration","Elementary-Middle","6390","Steel, Edward School","676","Y","401","860","307","0.47","35.70%","76.56%"
"2020-2021","District","Network 1","Elementary-Middle-High","6400","Widener Memorial School","488","N","161","0","0",,,"0.00%"
"2020-2021","District","Network 6","Elementary-Middle","6410","Cook-Wissahickon School","537","N","463","499","298","0.93","59.72%","64.36%"
"2020-2021","District","Network 6","Elementary-Middle","6440","Lingelbach, Anna L. School","398","N","372","374","181","0.99","48.40%","48.66%"
"2020-2021","District","Network 6","Elementary-Middle","6450","Dobson, James School","417","N","236","288","159","0.82","55.21%","67.37%"
"2020-2021","District","Network 1","Middle-High","6460","Hill-Freedman World Academy","1000","N","703","0","0",,,"0.00%"
"2020-2021","District","Network 6","Elementary","6470","Kelly, John B. School","795","N","439","961","350","0.46","36.42%","79.73%"
"2020-2021","District","Network 6","Middle","6480","AMY Northwest","576","N","307","0","0",,,"0.00%"
"2020-2021","District","Network 1","High","6540","Lankenau High School","347","N","350","0","0",,,"0.00%"
"2020-2021","District","Network 4","High","7010","Frankford High School","1679","N","909","4861","588","0.19","12.10%","64.69%"
"2020-2021","District","Acceleration","Elementary-Middle","7100","Cooke, Jay Elementary School","974","N","383","542","227","0.71","41.88%","59.27%"
"2020-2021","District","Network 8","Middle","7110","Harding, Warren G. Middle Sch","1197","N","805","2123","612","0.38","28.83%","76.02%"
"2020-2021","District","Network 13","High","7120","Fels, Samuel High School","1418","N","939","3630","572","0.26","15.76%","60.92%"
"2020-2021","District","Network 12","Middle","7130","Wagner, Gen. Louis Middle Sch.","1008","N","474","1356","369","0.35","27.21%","77.85%"
"2020-2021","District","Network 5","Elementary-Middle","7150","Juniata Park Academy","874","N","1019","1396","951","0.73","68.12%","93.33%"
"2020-2021","District","Network 7","Elementary","7200","Barton School","755","N","529","669","466","0.79","69.66%","88.09%"
"2020-2021","District","Network 9","Elementary","7220","Carnell, Laura H. School","1113","N","730","1489","643","0.49","43.18%","88.08%"
"2020-2021","District","Network 7","Elementary","7260","Ellwood School","358","Y","286","417","230","0.69","55.16%","80.42%"
"2020-2021","District","Network 7","Elementary-Middle","7270","Finletter, Thomas K. School","915","N","680","934","537","0.73","57.49%","78.97%"
"2020-2021","District","Network 7","Elementary-Middle","7280","Franklin, Benjamin School","696","N","692","1173","561","0.59","47.83%","81.07%"
"2020-2021","District","Network 9","Elementary-Middle","7290","Stearne, Allen M. School","537","N","495","814","354","0.61","43.49%","71.52%"
"2020-2021","District","Network 5","Elementary-Middle","7300","Hopkinson, Francis School","775","N","783","1059","632","0.74","59.68%","80.72%"
"2020-2021","District","Network 7","Elementary","7310","Feltonville Intermediate","696","N","625","825","529","0.76","64.12%","84.64%"
"2020-2021","District","Network 7","Elementary","7320","Howe, Julia Ward School","437","N","236","415","192","0.57","46.27%","81.36%"
"2020-2021","District","Network 9","Elementary","7330","Lawton, Henry W. School","855","Y","595","817","460","0.73","56.30%","77.31%"
"2020-2021","District","Network 7","Elementary","7350","Lowell, James R. School","1053","Y","623","903","550","0.69","60.91%","88.28%"
"2020-2021","District","Acceleration","Elementary","7360","Marshall, John School","417","N","297","457","191","0.65","41.79%","64.31%"
"2020-2021","District","Network 12","Middle","7370","Washington, Grover Jr. Middle","1197","N","540","829","408","0.65","49.22%","75.56%"
"2020-2021","District","Network 11","Elementary","7380","McClure, Alexander K. School","576","N","548","712","441","0.77","61.94%","80.47%"
"2020-2021","District","Network 7","Elementary-Middle","7390","Morrison, Andrew J. School","775","N","649","865","496","0.75","57.34%","76.43%"
"2020-2021","District","Network 7","Elementary-Middle","7400","Olney Elementary School","887","N","828","991","659","0.84","66.50%","79.59%"
"2020-2021","District","Acceleration","Elementary","7430","Sullivan, James J. School","636","N","454","756","281","0.60","37.17%","61.89%"
"2020-2021","District","Network 11","Elementary","7440","Taylor, Bayard School","795","N","455","515","339","0.88","65.83%","74.51%"
"2020-2021","District","Network 9","Elementary-Middle","7460","Ziegler, William H. School","556","N","478","485","309","0.99","63.71%","64.64%"
"2020-2021","District","Network 9","Elementary-Middle","7470","Bridesburg School","518","N","734","1091","684","0.67","62.69%","93.19%"
"2020-2021","District","Network 7","Elementary","7490","Prince Hall School","636","Y","445","604","316","0.74","52.32%","71.01%"
"2020-2021","District","Network 7","Middle","7500","Feltonville Arts & Sciences","924","N","622","864","520","0.72","60.19%","83.60%"
"2020-2021","District","Network 11","Elementary-Middle","7510","Bethune, Mary McLeod School","855","Y","532","746","358","0.71","47.99%","67.29%"
"2020-2021","District","Network 7","Elementary","7530","Rowen, William School","517","N","364","572","298","0.64","52.10%","81.87%"
"2020-2021","District","Acceleration","Middle","7730","Clemente, Roberto Middle Schl","1500","Y","319","884","213","0.36","24.10%","66.77%"
"2020-2021","District","Network 4","High","8010","Lincoln, Abraham High School","1586","Y","1927","5282","1424","0.36","26.96%","73.90%"
"2020-2021","District","Network 1","High","8020","Northeast High School","2167","N","3369","4479","2198","0.75","49.07%","65.24%"
"2020-2021","District","Network 4","High","8030","Washington, George High School","2765","N","1528","3938","968","0.39","24.58%","63.35%"
"2020-2021","District","Network 1","High","8040","Arts Academy at Benjamin Rush","730","N","654","0","0",,,"0.00%"
"2020-2021","Alternative","Opportunity","High","8070","OIC CADI",,,"123","0","0",,,"0.00%"
"2020-2021","Alternative","Opportunity","High","8080","Excel Academy North","504","N","184","0","0",,,"0.00%"
"2020-2021","District","Network 13","High","8090","Swenson Arts/Tech High School","725","N","769","0","0",,,"0.00%"
"2020-2021","Alternative","Opportunity","High","8100","Gateway To College Community College Of Phil",,,"70","0","0",,,"0.00%"
"2020-2021","District","Network 8","Middle","8120","Wilson, Woodrow Middle School","1239","N","1385","2062","1269","0.67","61.54%","91.62%"
"2020-2021","District","Network 12","Middle","8140","Meehan, Austin Middle School","1533","N","698","1274","617","0.55","48.43%","88.40%"
"2020-2021","District","Network 8","Middle","8160","Baldi Middle School","1302","N","1508","1874","1406","0.80","75.03%","93.24%"
"2020-2021","Alternative","Opportunity","High","8190","One Bright Ray - Fairhill",,,"276","0","0",,,"0.00%"
"2020-2021","District","Network 9","Elementary-Middle","8200","Allen, Ethan School","656","N","868","1531","758","0.57","49.51%","87.33%"
"2020-2021","District","Network 9","Elementary","8210","Brown, Joseph H. School","517","N","524","899","492","0.58","54.73%","93.89%"
"2020-2021","District","Network 8","Elementary","8230","Crossan, Kennedy C. School","278","N","307","481","292","0.64","60.71%","95.11%"
"2020-2021","District","Network 9","Elementary-Middle","8240","Disston, Hamilton School","636","N","770","1488","671","0.52","45.09%","87.14%"
"2020-2021","District","Network 12","Elementary","8250","Forrest, Edwin School","974","Y","1048","1813","970","0.58","53.50%","92.56%"
"2020-2021","District","Network 8","Elementary","8260","Fox Chase School","556","N","493","574","420","0.86","73.17%","85.19%"
"2020-2021","District","Network 9","Elementary","8270","Holme, Thomas School","795","Y","613","965","559","0.64","57.93%","91.19%"
"2020-2021","District","Network 9","Elementary-Middle","8300","Mayfair School","955","N","2156","2611","2090","0.83","80.05%","96.94%"
"2020-2021","District","Network 8","Elementary","8310","Moore, J. Hampton School","994","N","1089","1433","1001","0.76","69.85%","91.92%"
"2020-2021","District","Network 8","Elementary","8340","Solis-Cohen, Solomon School","1232","N","1142","1196","1002","0.95","83.78%","87.74%"
"2020-2021","District","Network 9","Elementary-Middle","8350","Spruance, Gilbert School","1074","Y","1243","1638","1082","0.76","66.06%","87.05%"
"2020-2021","District","Network 8","Elementary","8360","Rhawnhurst School","417","Y","612","843","576","0.73","68.33%","94.12%"
"2020-2021","District","Network 8","Elementary","8370","Comly, Watson School","457","N","458","663","433","0.69","65.31%","94.54%"
"2020-2021","District","Network 8","Elementary-Middle","8380","Farrell, Louis H. School","755","N","1141","1333","1052","0.86","78.92%","92.20%"
"2020-2021","District","Network 8","Elementary-Middle","8390","Fitzpatrick, A. L. School","815","Y","748","1298","687","0.58","52.93%","91.84%"
"2020-2021","District","Network 8","Elementary","8400","Frank, Anne School","915","N","1337","1670","1317","0.80","78.86%","98.50%"
"2020-2021","District","Network 9","Elementary","8410","Pollock, Robert B. School","696","N","575","854","516","0.67","60.42%","89.74%"
"2020-2021","District","Network 8","Elementary-Middle","8420","Decatur, Stephen School","954","N","939","1290","866","0.73","67.13%","92.23%"
"2020-2021","District","Network 8","Elementary-Middle","8430","Greenberg, Joseph School","755","N","801","783","633","1.02","80.84%","79.03%"
"2020-2021","District","Network 8","Elementary","8440","Loesche, William H. School","934","Y","881","909","793","0.97","87.24%","90.01%"
"2020-2021","Alternative","Opportunity","High","8450","YES Philly",,,"110","0","0",,,"0.00%"
"2020-2021","Alternative","Innovation","High","8460","Phila Learning Academy South","355","N","90","0","0",,,"0.00%"
"2020-2021","Alternative","Innovation","High","8470","Phila Learning Academy North","446","Y","60","0","0",,,"0.00%"
"2020-2021","Alternative","Innovation","High","8540","Pennypack House School",,,"40","0","0",,,"0.00%"
"2020-2021","District","Innovation","High","8560","The Workshop School","256","N","229","0","0",,,"0.00%"
"2020-2021","Alternative","Innovation","Middle-High","8690","Crossroads Accelerated Academy","894","Y","73","0","0",,,"0.00%"
"2020-2021","District","Network 8","Elementary-Middle","8770","Hancock Demonstration School","957","N","713","752","539","0.95","71.68%","75.60%"
"2020-2021","District","Innovation","Middle-High","8780","Philadelphia Virtual Academy",,,"637","0","0",,,"0.00%"
"2020-2021","Alternative","Opportunity","High","8860","One Bright Ray Mansion",,,"181","0","0",,,"0.00%"
"2020-2021","Alternative","Opportunity","High","8870","One Bright Ray Mansion Evening",,,"158","0","0",,,"0.00%"
"2020-2021","Alternative","Opportunity","High","8890","One Bright Ray - Simpson",,,"281","0","0",,,"0.00%"
"2020-2021","Non Public Special Education","Data is Private","Data is Private","Non Public Special Education","Non Public Special Education","Data is Private","Data is Private","Data is Private","Data is Private","Data is Private","Data is Private","Data is Private","Data is Private"
